name,businessName,type,cuit,taxCondition,email,phone,mobile,website,address,city,province,postalCode,country,status,creditLimit,creditCurrency,paymentTerms,discount,priceMultiplier,notes
Distribuidora Norte SA,Distribuidora Norte SA,BUSINESS,30-11223344-5,RESPONSABLE_INSCRIPTO,ventas@norte.com,011-4555-1234,011-15-6666-8888,https://www.norte.com,Av. Libertador 5000,CABA,Buenos Aires,C1426,Argentina,ACTIVE,500000,ARS,45,5,1.0,Cliente mayorista con descuento
Ferretería El Tornillo,Ferretería El Tornillo SRL,BUSINESS,30-22334455-6,RESPONSABLE_INSCRIPTO,contacto@tornillo.com,011-4777-5555,011-15-7777-9999,https://www.eltornillo.com,Av. Corrientes 2345,CABA,Buenos Aires,C1045,Argentina,ACTIVE,200000,ARS,30,0,1.0,Ferretería de barrio
Juan Pérez,Juan Pérez,INDIVIDUAL,20-12345678-9,MONOTRIBUTO,juan.perez@email.com,011-4888-6666,011-15-8888-1111,,Calle Falsa 123,Rosario,Santa Fe,S2000,Argentina,ACTIVE,50000,ARS,15,0,1.0,Cliente individual - pago contado
Supermercado Los Andes,Supermercado Los Andes SA,BUSINESS,30-33445566-7,RESPONSABLE_INSCRIPTO,compras@losandes.com,0261-4111-2222,0261-15-3333-4444,https://www.losandes.com,San Martín 789,Mendoza,Mendoza,M5500,Argentina,ACTIVE,1000000,ARS,60,10,0.95,Supermercado regional - precio especial
Textil Córdoba SRL,Textil Córdoba SRL,BUSINESS,30-44556677-8,RESPONSABLE_INSCRIPTO,info@textilcordoba.com,0351-4222-3333,0351-15-4444-5555,,Av. Colón 456,Córdoba,Córdoba,X5000,Argentina,ACTIVE,300000,ARS,30,0,1.0,Proveedor textil